track_name,danceability,energy,valence,tempo
Adiye___From__Bachelor_,0.0768,0.0815,0.5289,123.05
Mercy,0.1314,0.1019,0.2051,143.55
Innum_Konjam_Naeram,0.0892,0.1039,-0.2685,89.1
Mannipaaya,0.0926,0.0702,0.4309,112.35
Amma_Amma__From__Velai_Illa_Pattadhaari__,0.0709,0.1031,0.1803,152.0
Wildest_Dreams,0.1306,0.1559,0.2879,136.0
Vaa_Vaa_Anbe,0.0817,0.0662,-1.4929,92.29
Ilaya_Nila,0.1292,0.1683,0.1695,107.67
One_Last_Time,0.0976,0.1857,0.089,123.05
Roja_Kadale,0.0716,0.1883,-1.0815,143.55
Naan_Sonnadhum_Mazhai,0.0634,0.2063,-0.845,89.1
Orey_Oru,0.0994,0.0866,0.2445,152.0
Blank_Space,0.0668,0.1539,0.0857,95.7
Thee_Illai,0.0893,0.1674,0.1724,95.7
Calm_Down__with_Selena_Gomez_,0.063,0.2278,-0.5219,143.55
Yennachu_Yedhachu,0.0837,0.0761,1.5091,123.05
Maari_s_Aanandhi,0.0465,0.1694,0.1333,99.38
The_Romance_Of_Power_Paandi___Venpani_Malare__Male_,0.0771,0.1391,-0.1012,92.29
Life_of_Pazham,0.1249,0.1037,-0.1233,172.27
Yedho_Ondru_Ennai,0.0966,0.0952,0.1849,123.05
Falling,0.0535,0.0923,0.034,112.35
Ennai_Kollathey,0.0468,0.2444,0.1199,136.0
Idhazhin_Oram___The_Innocence_of_Love,0.0571,0.0432,0.9445,117.45
Koodha_Kaathu,0.0955,0.0432,-0.3892,136.0
Chillanjirukkiye__From__Lubber_Pandhu__,0.0997,0.1169,-0.1183,143.55
Just_the_Way_You_Are,0.072,0.1179,2.2187,107.67
Yedi__From__Nilavuku_En_Mel_Ennadi_Kobam__,0.1038,0.059,0.1645,107.67
What_Do_You_Mean_,0.0736,0.188,1.8796,123.05
Can_I_Be_Him,0.0834,0.1025,0.4188,107.67
Sempoove_Poove__From__Sirai_Chalai__,0.1158,0.1261,0.2341,112.35
Po_Nee_Po___The_Pain_of_Love,0.0614,0.1057,0.2855,89.1
Ennai_Vittu__From__Love_Today__,0.0948,0.2065,0.2094,136.0
Enna_Nadanthalum,0.0701,0.1667,0.3494,172.27
Naetru_Aval_Irundhal,0.0779,0.0354,0.3498,161.5
Oh_Baby,0.0828,0.0824,0.1398,99.38
Hey_Minnale__From__Amaran____Tamil_,0.0721,0.0943,0.5279,107.67
Sangeetha_Megam,0.0586,0.0924,0.1837,95.7
Valaiyosai__From__Sathya__,0.1124,0.111,-0.0864,123.05
Thean_Kudika,0.0816,0.1315,-0.2074,136.0
Kathal_Oviyam___From__Alaigal_Oyvatillai_,0.1675,0.0668,0.2258,129.2
Dhinam_Dhinamum__From__Viduthalai_2__,0.0731,0.0973,0.3205,103.36
Moongil_Kaadugalae__From__Samurai__,0.0775,0.1691,-0.3049,143.55
Locked_Away__feat__Adam_Levine_,0.0787,0.1387,0.3807,123.05
Stitches,0.11,0.0555,0.3296,152.0
Enakkoru_Snehidhi,0.0692,0.1317,0.169,86.13
If_the_World_Was_Ending__feat__Julia_Michaels_,0.082,0.1057,0.203,143.55
Yendi_Vittu_Pona___From__Dragon_,0.0891,0.0816,0.163,117.45
Mayanginen_Solla_Thayanginen,0.1103,0.1581,0.2358,117.45
Kannukkulle,0.1138,0.0391,0.0592,117.45
Adi_Kattazhagu_Karuvaachi___From__Kalvan_,0.0866,0.0846,0.0075,99.38
Kan_Rendum,0.1069,0.141,0.185,99.38
Ennavo_Ennavo,0.0691,0.0903,0.1769,117.45
Kannadi_Poove__From__Retro__,0.1356,0.1832,-8.8621,172.27
Kannamma,0.0933,0.0763,0.1898,123.05
Pirai_Thedum,0.0963,0.0955,0.0478,117.45
Agasatha,0.1128,0.1473,0.3186,129.2
Ninaivo_Oru,0.0964,0.2016,0.1917,129.2
Love_Me_Like_You_Do,0.1071,0.0451,0.3184,123.05
Kodi_Aruvi,0.0757,0.1896,0.4064,103.36
Endha_Pakkam,0.0575,0.1165,-1.0784,117.45
Treat_You_Better,0.0898,0.1318,0.263,112.35
Paathagathi_Kannupattu,0.0672,0.0973,0.1568,99.38
Aagaya_Suriyanai,0.0524,0.1628,0.0853,117.45
Too_Good_At_Goodbyes,0.0769,0.0619,0.3201,123.05
Manasula_Soora_Kaathey,0.1191,0.0767,0.1347,112.35
Nilaave_Vaa,0.0898,0.11,-0.4808,112.35
Machaan_Machaan,0.0811,0.1081,0.0551,123.05
Nenjukkule_Innarendru,0.0724,0.2327,0.1684,143.55
Poththi_Vachcha,0.054,0.2196,0.1728,112.35
Kalyaana_Thaen_Nilaa,0.1292,0.0812,0.2056,117.45
Sorry,0.0683,0.2083,0.0851,136.0
When_We_Were_Young,0.0689,0.1252,0.3206,136.0
Vinmeen,0.1161,0.0646,0.1637,99.38
Back_To_You___From_13_Reasons_Why___Season_2_Soundtrack,0.0786,0.0694,0.2598,136.0
APT_,0.1169,0.1906,0.0979,99.38
Love_Yourself,0.1297,0.1556,0.4992,99.38
I_Like_Me_Better,0.1006,0.1241,0.0804,92.29
Say_You_Won_t_Let_Go,0.0707,0.1103,0.5675,129.2
Maalayil_Yaro_Manathodu,0.0728,0.1251,0.3286,112.35
Yaaro_Ivan,0.0813,0.0874,1.0634,86.13
Adi_Penne__Duet____From_Naam_Series,0.1511,0.1574,0.0612,107.67
Mazhai_Vara_Pogudhae,0.1016,0.0979,0.0253,117.45
Vaartha_Onnu,0.1197,0.0706,0.2504,95.7
Nila_Nee_Vaanam,0.1155,0.2043,0.097,136.0
Thulasi_Chediya,0.1182,0.2381,0.0933,95.7
Usuraiya_Tholaichaen,0.0417,0.0382,0.2759,117.45
Para_Para,0.1192,0.1862,0.134,123.05
Thenmadurai_Vaigai_Nadhi,0.0686,0.1729,1.2018,136.0
Paris,0.0803,0.1265,0.2272,99.38
Kolladhey,0.1355,0.1066,-0.0666,107.67
Kona_Kondakari,0.0925,0.1807,-0.2297,123.05
Kannoram___From_Naam_Series,0.0948,0.1732,-0.057,143.55
Kannmoodi_thirakkum,0.1593,0.0192,0.086,129.2
Chotta_Chotta,0.0802,0.2556,-0.247,117.45
Raja_Raja_Chozhan,0.0611,0.2126,0.5653,103.36
Kaathodu_Kaathanen,0.0975,0.0748,0.2004,161.5
Konjam__1,0.0634,0.2536,0.0468,123.05
Mazhaiye_Mazhaiye,0.0551,0.1098,0.3286,99.38
I_Don_t_Wanna_Live_Forever__Fifty_Shades_Darker_,0.0618,0.0401,-0.1189,123.05
Chinna_Chinna_Kangal__From__The_Greatest_Of_All_Time__,0.068,0.1916,-1.2637,152.0
Chinna_Ponnu_Selai,0.1314,0.1519,0.2005,95.7
Scars_To_Your_Beautiful,0.1271,0.197,0.2509,129.2
Nira___From__Takkar_,0.0601,0.2286,0.1297,117.45
Poove_Sem_Poove___Male,0.1387,0.061,-0.1477,136.0
Oh_Oh__From__Thanga_Magan_____The_First_Love_of_Tamizh,0.0509,0.0701,0.181,172.27
Iravaaga_Nee,0.1085,0.0859,-0.6564,129.2
Yedhedho_Pennae,0.1016,0.0726,0.2117,107.67
Ammadi_Un_Azhagu,0.1268,0.1857,0.6937,136.0
Happier,0.0671,0.0706,-0.1172,89.1
Ayyayo,0.078,0.1389,0.8186,143.55
