PLAYLIST,CLEANED_FEATURES_TRACK_NAME,ARTIST,DANCEABILITY,ENERGY,VALENCE,TEMPO
Hymn🌥️🩶,Love Yourself,Justin Bieber,0.1297,0.1556,0.4992,99.38
Hymn🌥️🩶,Sorry,Justin Bieber,0.0683,0.2083,0.0851,136
Hymn🌥️🩶,Say You Won t Let Go,James Arthur,0.0707,0.1103,0.5675,129.2
Hymn🌥️🩶,Can I Be Him,James Arthur,0.0834,0.1025,0.4188,107.67
Hymn🌥️🩶,Treat You Better,Shawn Mendes,0.0898,0.1318,0.263,112.35
Hymn🌥️🩶,When We Were Young,Adele,0.0689,0.1252,0.3206,136
Hymn🌥️🩶,Stitches,Shawn Mendes,0.11,0.0555,0.3296,152
Hymn🌥️🩶,Mercy,Shawn Mendes,0.1314,0.1019,0.2051,143.55
Hymn🌥️🩶,Too Good At Goodbyes,Sam Smith,0.0769,0.0619,0.3201,123.05
Hymn🌥️🩶,Just the Way You Are,Bruno Mars,0.072,0.1179,2.2187,107.67
Hymn🌥️🩶,Happier,Ed Sheeran,0.0671,0.0706,,89.1
Hymn🌥️🩶,One Last Time,Ariana Grande,0.0976,0.1857,0.089,123.05
Hymn🌥️🩶,Scars To Your Beautiful,Alessia Cara,0.1271,0.197,0.2509,129.2
Hymn🌥️🩶,Paris,The Chainsmokers,0.0803,0.1265,0.2272,99.38
Hymn🌥️🩶,Love Me Like You Do,Ellie Goulding,0.1071,0.0451,0.3184,123.05
Hymn🌥️🩶,Wildest Dreams,Taylor Swift,0.1306,0.1559,0.2879,136
Hymn🌥️🩶,Blank Space,Taylor Swift,0.0668,0.1539,0.0857,95.7
Hymn🌥️🩶,I Like Me Better,Lauv,0.1006,0.1241,0.0804,92.29
Hymn🌥️🩶,Falling,Harry Styles,0.0535,0.0923,0.034,112.35
Feels 🤍,Hey Minnale,G. V. Prakash,0.0721,0.0943,0.5279,107.67
Feels 🤍,Ayyayo,G. V. Prakash,0.078,0.1389,0.8186,143.55
Feels 🤍,Koodha Kaathu,D. Imman,0.0955,0.0432,,136
Feels 🤍,Kannmoodi thirakkum,Devi Sri Prasad,0.1593,0.0192,0.086,129.2
Feels 🤍,Chinna Chinna Kangal,Thalapathy Vijay,0.068,0.1916,,152
Feels 🤍,Yedhedho Pennae,G. V. Prakash,0.1016,0.0726,0.2117,107.67
Feels 🤍,Ennai Vittu,Yuvan Shankar Raja,0.0948,0.2065,0.2094,136
Feels 🤍,Para Para,N.R. Raghunanthan,0.1192,0.1862,0.134,123.05
Feels 🤍,Dhinam Dhinamum,Ilaiyaraaja,0.0731,0.0973,0.3205,103.36
Feels 🤍,Nila Nee Vaanam,Sabesh Murali,0.1155,0.2043,0.097,136
Feels 🤍,Life of Pazham,Anirudh Ravichander,0.1249,0.1037,,172.27
Feels 🤍,Mannipaaya,A.R. Rahman,0.0926,0.0702,0.4309,112.35
Feels 🤍,Machaan Machaan,Yuvan Shankar Raja,0.0811,0.1081,0.0551,123.05
Feels 🤍,Kona Kondakari,N.R. Raghunanthan,0.0925,0.1807,,123.05
Feels 🤍,Mazhaiye Mazhaiye,Thaman S,0.0551,0.1098,0.3286,99.38
Feels 🤍,Chotta Chotta,C. Sathya,0.0802,0.2556,,117.45
Feels 🤍,Maari s Aanandhi,Ilaiyaraaja,0.0465,0.1694,0.1333,99.38
Feels 🤍,Kannukkulle,Unni Menon,0.1138,0.0391,0.0592,117.45
Feels 🤍,Mazhai Vara Pogudhae,Harris Jayaraj,0.1016,0.0979,0.0253,117.45
Feels 🤍,Thulasi Chediya,Hariharan,0.1182,0.2381,0.0933,95.7
Feels 🤍,Pirai Thedum,Saindhavi,0.0963,0.0955,0.0478,117.45
Feels 🤍,Kan Rendum,M.S.Jones Rupert,0.1069,0.141,0.185,99.38
Feels 🤍,Vaartha Onnu,KK,0.1197,0.0706,0.2504,95.7
Feels 🤍,Orey Oru,Devi Sri Prasad,0.0994,0.0866,0.2445,152
Feels 🤍,Manasula Soora Kaathey,Santhosh Narayanan,0.1191,0.0767,0.1347,112.35
Feels 🤍,Kaathodu Kaathanen,G. V. Prakash,0.0975,0.0748,0.2004,161.5
Feels 🤍,Iravaaga Nee,G. V. Prakash,0.1085,0.0859,,129.2
Feels 🤍,Endha Pakkam,Radhul Nambiar,0.0575,0.1165,,117.45
Feels 🤍,Oh Baby,Yuvan Shankar Raja,0.0828,0.0824,0.1398,99.38
Feels 🤍,Naetru Aval Irundhal,A.R. Rahman,0.0779,0.0354,0.3498,161.5
Feels 🤍,Innum Konjam Naeram,A.R. Rahman,0.0892,0.1039,,89.1
Feels 🤍,Chillanjirukkiye,Sean Roldan,0.0997,0.1169,,143.55
Feels 🤍,Enna Nadanthalum,Hiphop Tamizha,0.0701,0.1667,0.3494,172.27
Feels 🤍,Konjam 1,Armaan Malik,0.0634,0.2536,0.0468,123.05
Feels 🤍,Agasatha,Santhosh Narayanan,0.1128,0.1473,0.3186,129.2
Feels 🤍,Thean Kudika,Teejay,0.0816,0.1315,,136
Feels 🤍,Yedho Ondru Ennai,Yuvan Shankar Raja,0.0966,0.0952,0.1849,123.05
Feels 🤍,Aagaya Suriyanai,Harish Raghavendra,0.0524,0.1628,0.0853,117.45
Feels 🤍,Naan Sonnadhum Mazhai,Naresh Iyer,0.0634,0.2063,,89.1
Feels 🤍,Vinmeen,Nivas K Prasanna,0.1161,0.0646,0.1637,99.38
Feels 🤍,Usuraiya Tholaichaen,Stephen Zechariah,0.0417,0.0382,0.2759,117.45
Feels 🤍,Kodi Aruvi,Sean Roldan,0.0757,0.1896,0.4064,103.36
Feels 🤍,Ammadi Un Azhagu,D. Imman,0.1268,0.1857,0.6937,136
Feels 🤍,Thee Illai,Harris Jayaraj,0.0893,0.1674,0.1724,95.7
Feels 🤍,Yaaro Ivan,G. V. Prakash,0.0813,0.0874,1.0634,86.13
Feels 🤍,Amma Amma,Anirudh Ravichander,0.0709,0.1031,0.1803,152
Feels 🤍,Kannamma,Pradeep Kumar,0.0933,0.0763,0.1898,123.05
Feels 🤍,Ennai Kollathey,Kumaresh,0.0468,0.2444,0.1199,136
Feels 🤍,Paathagathi Kannupattu,Yuvan Shankar Raja,0.0672,0.0973,0.1568,99.38
Feels 🤍,Enakkoru Snehidhi,S.A. Rajkumar,0.0692,0.1317,0.169,86.13
Feels 🤍,Ennavo Ennavo,S.A. Rajkumar,0.0691,0.0903,0.1769,117.45
Feels 🤍,Moongil Kaadugalae,Hariharan,0.0775,0.1691,,143.55
Feels 🤍,Yennachu Yedhachu,G. V. Prakash,0.0837,0.0761,1.5091,123.05
Feels 🤍,Yedi,G. V. Prakash,0.1038,0.059,0.1645,107.67
Feels 🤍,Kolladhey,G. V. Prakash,0.1355,0.1066,,107.67
Feels 🤍,Kannadi Poove,Santhosh Narayanan,0.1356,0.1832,,172.27
Feels 🤍,Roja Kadale,Harris Jayaraj,0.0716,0.1883,,143.55
Retro🌙☁️,Maalayil Yaro Manathodu,Swarnalatha,0.0728,0.1251,0.3286,112.35
Retro🌙☁️,Mayanginen Solla Thayanginen,Ilaiyaraaja,0.1103,0.1581,0.2358,117.45
Retro🌙☁️,Nilaave Vaa,Ilaiyaraaja,0.0898,0.11,,112.35
Retro🌙☁️,Sangeetha Megam,S. P. Balasubrahmanyam,0.0586,0.0924,0.1837,95.7
Retro🌙☁️,Ilaya Nila,Ilaiyaraaja,0.1292,0.1683,0.1695,107.67
Retro🌙☁️,Ninaivo Oru,S. Janaki,0.0964,0.2016,0.1917,129.2
Retro🌙☁️,Valaiyosai,Ilaiyaraaja,0.1124,0.111,,123.05
Retro🌙☁️,Thenmadurai Vaigai Nadhi,Ilaiyaraaja,0.0686,0.1729,1.2018,136
Retro🌙☁️,Poththi Vachcha,S. P. Balasubrahmanyam,0.054,0.2196,0.1728,112.35
Retro🌙☁️,Vaa Vaa Anbe,K. J. Yesudas,0.0817,0.0662,,92.29
Retro🌙☁️,Chinna Ponnu Selai,Ilaiyaraaja,0.1314,0.1519,0.2005,95.7
Retro🌙☁️,Kalyaana Thaen Nilaa,K J Yesudas K S Chithra,0.1292,0.0812,0.2056,117.45
Retro🌙☁️,Nenjukkule Innarendru,S. P. Balasubrahmanyam,0.0724,0.2327,0.1684,143.55
Retro🌙☁️,Raja Raja Chozhan,K. J. Yesudas,0.0611,0.2126,0.5653,103.36
Retro🌙☁️,Sempoove Poove,S. P. Balasubrahmanyam,0.1158,0.1261,0.2341,112.35
